Customer Id ,Name,Address,DOB,Gender
1,GAYLORD BALCOM,1,30-09-1983,M
2,HOSEA JACK,1,13-10-1986,F
3,VERA FUSELIER,1,23-05-1984,M
4,KACY POPLAR,1,07-06-1981,M
5,SCOTTIE WALLEN,1,06-01-1982,F
6,DEEANNA SOUKUP,1,28-11-1983,M
7,BRANT DIPAOLA,1,19-04-1992,F
8,JEFFIE PARNELL,1,23-08-1984,F
9,MONTE HEILIG,1,10-12-1975,M
10,TERRELL METZER,1,12-08-1986,F
11,ANNELLE ZIOLKOWSKI,2,30-09-1983,M
12,LUCILA TIGER,2,13-10-1986,F
13,MARYBELLE ENSIGN,2,23-05-1984,M
14,CARMEN CAYLOR,2,07-06-1981,M
15,CORETTA HARRISS,2,06-01-1982,F
16,MELIDA WAITERS,2,28-11-1983,M
17,DARLENE MUND,2,19-04-1992,F
18,MINTA LOFTON,2,23-08-1984,F
19,ROXIE GALYEAN,2,10-12-1975,M
20,THERESSA HOAGLIN,2,12-08-1986,F
21,ABIGAIL,3,30-09-1983,M
22,ALEXANDRA,3,13-10-1986,F
23,ALISON,3,23-05-1984,M
24,AMANDA,3,07-06-1981,M
25,AMELIA,3,06-01-1982,F
26,AMY,3,28-11-1983,M
27,ANDREA,3,19-04-1992,F
28,ANGELA,3,23-08-1984,F
29,ANNA,3,10-12-1975,M
30,ANNE,3,12-08-1986,F
31,AUDREY,4,30-09-1983,M
32,AVA,4,13-10-1986,F
33,BELLA,4,23-05-1984,M
34,BERNADETTE,4,07-06-1981,M
35,CAROL,4,06-01-1982,F
36,CAROLINE,4,28-11-1983,M
37,CAROLYN,4,19-04-1992,F
38,CHLOE,4,23-08-1984,F
39,CLAIRE,4,10-12-1975,M
40,DEIRDRE,4,12-08-1986,F
41,DIANA,5,30-09-1983,M
42,DIANE,5,13-10-1986,F
43,DONNA,5,23-05-1984,M
44,DOROTHY,5,07-06-1981,M
45,ELIZABETH,5,06-01-1982,F
46,ELLA,5,28-11-1983,M
47,EMILY,5,19-04-1992,F
48,EMMA,5,23-08-1984,F
49,FAITH,5,10-12-1975,M
50,FELICITY,5,12-08-1986,F
51,FIONA,6,30-09-1983,M
52,GABRIELLE,6,13-10-1986,F
53,GRACE,6,23-05-1984,M
54,HANNAH,6,07-06-1981,M
55,HEATHER,6,06-01-1982,F
56,IRENE,6,28-11-1983,M
57,JAN,6,19-04-1992,F
58,JANE,6,23-08-1984,F
59,JASMINE,6,10-12-1975,M
60,JENNIFER,6,12-08-1986,F
61,JESSICA,7,30-09-1983,M
62,JOAN,7,13-10-1986,F
63,JOANNE,7,23-05-1984,M
64,JULIA,7,07-06-1981,M
65,KAREN,7,06-01-1982,F
66,KATHERINE,7,28-11-1983,M
67,KIMBERLY,7,19-04-1992,F
68,KYLIE,7,23-08-1984,F
69,LAUREN,7,10-12-1975,M
70,LEAH,7,12-08-1986,F
71,LILLIAN,8,30-09-1983,M
72,LILY,8,13-10-1986,F
73,LISA,8,23-05-1984,M
74,MADELEINE,8,07-06-1981,M
75,MARIA,8,06-01-1982,F
76,MARY,8,28-11-1983,M
77,MEGAN,8,19-04-1992,F
78,MELANIE,8,23-08-1984,F
79,MICHELLE,8,10-12-1975,M
80,MOLLY,8,12-08-1986,F
81,NATALIE,9,30-09-1983,M
82,NICOLA,9,13-10-1986,F
83,OLIVIA,9,23-05-1984,M
84,PENELOPE,9,07-06-1981,M
85,PIPPA,9,06-01-1982,F
86,RACHEL,9,28-11-1983,M
87,REBECCA,9,19-04-1992,F
88,ROSE,9,23-08-1984,F
89,RUTH,9,10-12-1975,M
90,SALLY,9,12-08-1986,F
91,SAMANTHA,10,30-09-1983,M
92,SARAH,10,13-10-1986,F
93,SONIA,10,23-05-1984,M
94,SOPHIE,10,07-06-1981,M
95,STEPHANIE,10,06-01-1982,F
96,SUE,10,28-11-1983,M
97,THERESA,10,19-04-1992,F
98,TRACEY,10,23-08-1984,F
99,UNA,10,10-12-1975,M
100,VANESSA,10,12-08-1986,F
101,VICTORIA,11,30-09-1983,M
102,VIRGINIA,11,13-10-1986,F
103,WANDA,11,23-05-1984,M
104,WENDY,11,07-06-1981,M
105,YVONNE,11,06-01-1982,F
106,ZOE,11,28-11-1983,M
107,ADAM,11,19-04-1992,F
108,ADRIAN,11,23-08-1984,F
109,ALAN,11,10-12-1975,M
110,ALEXANDER,11,12-08-1986,F
111,ANDREW,12,30-09-1983,M
112,ANTHONY,12,13-10-1986,F
113,AUSTIN,12,23-05-1984,M
114,BENJAMIN,12,07-06-1981,M
115,BLAKE,12,06-01-1982,F
116,BORIS,12,28-11-1983,M
117,BRANDON,12,19-04-1992,F
118,BRIAN,12,23-08-1984,F
119,CAMERON,12,10-12-1975,M
120,CARL,12,12-08-1986,F
121,CHARLES,13,30-09-1983,M
122,CHRISTIAN,13,13-10-1986,F
123,CHRISTOPHER,13,23-05-1984,M
124,COLIN,13,07-06-1981,M
125,CONNOR,13,06-01-1982,F
126,DAN,13,28-11-1983,M
127,DAVID,13,19-04-1992,F
128,DOMINIC,13,23-08-1984,F
129,DYLAN,13,10-12-1975,M
130,EDWARD,13,12-08-1986,F
131,ERIC,14,30-09-1983,M
132,EVAN,14,13-10-1986,F
133,FRANK,14,23-05-1984,M
134,GAVIN,14,07-06-1981,M
135,GORDON,14,06-01-1982,F
136,HARRY,14,28-11-1983,M
137,IAN,14,19-04-1992,F
138,ISAAC,14,23-08-1984,F
139,JACK,14,10-12-1975,M
140,JACOB,14,12-08-1986,F
141,JAKE,15,30-09-1983,M
142,JAMES,15,13-10-1986,F
143,JASON,15,23-05-1984,M
144,JOE,15,07-06-1981,M
145,JOHN,15,06-01-1982,F
146,JONATHAN,15,28-11-1983,M
147,JOSEPH,15,19-04-1992,F
148,JOSHUA,15,23-08-1984,F
149,JULIAN,15,10-12-1975,M
150,JUSTIN,15,12-08-1986,F
151,KEITH,16,30-09-1983,M
152,KEVIN,16,13-10-1986,F
153,LEONARD,16,23-05-1984,M
154,LIAM,16,07-06-1981,M
155,LUCAS,16,06-01-1982,F
156,LUKE,16,28-11-1983,M
157,MATT,16,19-04-1992,F
158,MAX,16,23-08-1984,F
159,MICHAEL,16,10-12-1975,M
160,NATHAN,16,12-08-1986,F
161,NEIL,17,30-09-1983,M
162,NICHOLAS,17,13-10-1986,F
163,OLIVER,17,23-05-1984,M
164,OWEN,17,07-06-1981,M
165,PAUL,17,06-01-1982,F
166,PETER,17,28-11-1983,M
167,PHIL,17,19-04-1992,F
168,PIERS,17,23-08-1984,F
169,RICHARD,17,10-12-1975,M
170,ROBERT,17,12-08-1986,F
171,RYAN,18,30-09-1983,M
172,SAM,18,13-10-1986,F
173,SEAN,18,23-05-1984,M
174,SEBASTIAN,18,07-06-1981,M
175,SIMON,18,06-01-1982,F
176,STEPHEN,18,28-11-1983,M
177,STEVEN,18,19-04-1992,F
178,STEWART,18,23-08-1984,F
179,THOMAS,18,10-12-1975,M
180,TIM,18,12-08-1986,F
181,TREVOR,19,30-09-1983,M
182,VICTOR,19,13-10-1986,F
183,WARREN,19,23-05-1984,M
184,WILLIAM,19,07-06-1981,M
185,ABRAHAM,19,06-01-1982,F
186,ALLAN,19,28-11-1983,M
187,ALSOP,19,19-04-1992,F
188,ANDERSON,19,23-08-1984,F
189,ARNOLD,19,10-12-1975,M
190,AVERY,19,12-08-1986,F
191,BAILEY,20,30-09-1983,M
192,BAKER,20,13-10-1986,F
193,BALL,20,23-05-1984,M
194,BELL,20,07-06-1981,M
195,BERRY,20,06-01-1982,F
196,BLACK,20,28-11-1983,M
197,BLAKE,20,19-04-1992,F
198,BOND,20,23-08-1984,F
199,BOWER,20,10-12-1975,M
200,BROWN,20,12-08-1986,F
201,BUCKLAND,21,30-09-1983,M
202,BURGESS,21,13-10-1986,F
203,BUTLER,21,23-05-1984,M
204,CAMERON,21,07-06-1981,M
205,CAMPBELL,21,06-01-1982,F
206,CARR,21,28-11-1983,M
207,CHAPMAN,21,19-04-1992,F
208,CHURCHILL,21,23-08-1984,F
209,CLARK,21,10-12-1975,M
210,CLARKSON,21,12-08-1986,F
211,COLEMAN,22,30-09-1983,M
212,CORNISH,22,13-10-1986,F
213,DAVIDSON,22,23-05-1984,M
214,DAVIES,22,07-06-1981,M
215,DICKENS,22,06-01-1982,F
216,DOWD,22,28-11-1983,M
217,DUNCAN,22,19-04-1992,F
218,DYER,22,23-08-1984,F
219,EDMUNDS,22,10-12-1975,M
220,ELLISON,22,12-08-1986,F
221,FERGUSON,23,30-09-1983,M
222,FISHER,23,13-10-1986,F
223,FORSYTH,23,23-05-1984,M
224,FRASER,23,07-06-1981,M
225,GIBSON,23,06-01-1982,F
226,GILL,23,28-11-1983,M
227,GLOVER,23,19-04-1992,F
228,GRAHAM,23,23-08-1984,F
229,GRANT,23,10-12-1975,M
230,GRAY,23,12-08-1986,F
231,GREENE,24,30-09-1983,M
232,HAMILTON,24,13-10-1986,F
233,HARDACRE,24,23-05-1984,M
234,HARRIS,24,07-06-1981,M
235,HART,24,06-01-1982,F
236,HEMMINGS,24,28-11-1983,M
237,HENDERSON,24,19-04-1992,F
238,HILL,24,23-08-1984,F
239,HODGES,24,10-12-1975,M
240,HOWARD,24,12-08-1986,F
241,HUDSON,25,30-09-1983,M
242,HUGHES,25,13-10-1986,F
243,HUNTER,25,23-05-1984,M
244,INCE,25,07-06-1981,M
245,JACKSON,25,06-01-1982,F
246,JAMES,25,28-11-1983,M
247,JOHNSTON,25,19-04-1992,F
248,JONES,25,23-08-1984,F
249,KELLY,25,10-12-1975,M
250,KERR,25,12-08-1986,F
251,KING,26,30-09-1983,M
252,KNOX,26,13-10-1986,F
253,LAMBERT,26,23-05-1984,M
254,LANGDON,26,07-06-1981,M
255,LAWRENCE,26,06-01-1982,F
256,LEE,26,28-11-1983,M
257,LEWIS,26,19-04-1992,F
258,LYMAN,26,23-08-1984,F
259,MACDONALD,26,10-12-1975,M
260,MACKAY,27,12-08-1986,F
261,MACKENZIE,27,30-09-1983,M
262,MACLEOD,27,13-10-1986,F
263,MANNING,27,23-05-1984,M
264,MARSHALL,27,07-06-1981,M
265,MARTIN,27,06-01-1982,F
266,MATHIS,27,28-11-1983,M
267,MAY,27,19-04-1992,F
268,MCDONALD,27,23-08-1984,F
269,MCLEAN,28,10-12-1975,M
270,MCGRATH,28,12-08-1986,F
271,METCALFE,28,30-09-1983,M
272,MILLER,28,13-10-1986,F
273,MILLS,28,23-05-1984,M
274,MITCHELL,28,07-06-1981,M
275,MORGAN,28,06-01-1982,F
276,MORRISON,28,28-11-1983,M
277,MURRAY,28,19-04-1992,F
278,NASH,29,23-08-1984,F
279,NEWMAN,29,10-12-1975,M
280,NOLAN,29,12-08-1986,F
281,NORTH,29,30-09-1983,M
282,OGDEN,29,13-10-1986,F
283,OLIVER,29,23-05-1984,M
284,PAIGE,29,07-06-1981,M
285,PARR,29,06-01-1982,F
286,PARSONS,29,28-11-1983,M
287,PATERSON,30,19-04-1992,F
288,PAYNE,30,23-08-1984,F
289,PEAKE,30,10-12-1975,M
290,PETERS,30,12-08-1986,F
291,PIPER,30,30-09-1983,M
292,POOLE,30,13-10-1986,F
293,POWELL,30,23-05-1984,M
294,PULLMAN,30,07-06-1981,M
295,QUINN,30,06-01-1982,F
296,RAMPLING,31,28-11-1983,M
297,RANDALL,31,19-04-1992,F
298,REES,31,23-08-1984,F
299,REID,31,10-12-1975,M
300,ROBERTS,31,12-08-1986,F
301,ROBERTSON,31,14-04-1997,F
302,ROSS,31,16-12-2007,M
303,RUSSELL,31,18-08-2018,F
304,RUTHERFORD,31,20-04-2029,F
305,SANDERSON,32,22-12-2039,M
306,SCOTT,32,24-08-2050,F
307,SHARP,32,26-04-2061,F
308,SHORT,32,28-12-2071,M
309,SIMPSON,32,30-08-2082,F
310,SKINNER,32,02-05-2093,F
311,SLATER,32,04-01-2104,M
312,SMITH,32,06-09-2114,F
313,SPRINGER,32,09-05-2125,F
314,STEWART,33,10-01-2136,M
315,SUTHERLAND,33,12-09-2146,F
316,TAYLOR,33,15-05-2157,F
317,TERRY,33,16-01-2168,M
318,THOMSON,33,18-09-2178,F
319,TUCKER,33,21-05-2189,F
320,TURNER,33,22-01-2200,M
321,UNDERWOOD,33,25-09-2210,F
322,VANCE,33,28-05-2221,F
323,VAUGHAN,34,29-01-2232,M
324,WALKER,34,01-10-2242,F
325,WALLACE,34,03-06-2253,F
326,WALSH,34,04-02-2264,M
327,WATSON,34,07-10-2274,F
328,WELCH,34,09-06-2285,F
329,WHITE,34,10-02-2296,M
330,WILKINS,34,14-10-2306,F
331,WILSON,34,16-06-2317,F
332,WRIGHT,35,17-02-2328,M
333,YOUNG,35,20-10-2338,F
